tick,role,alive,x,y,wx,wy,hp,max_hp,idle,stance
5,a,True,16,18,16896,18944,23000,23000,True,HoldFire
5,b,True,21,18,22016,18944,23000,23000,True,AttackAnything
10,a,True,16,18,16896,18944,23000,23000,False,HoldFire
10,b,True,21,18,22016,18944,23000,23000,True,AttackAnything
15,a,True,16,18,16896,18944,23000,23000,False,HoldFire
15,b,True,21,18,22016,18944,23000,23000,True,AttackAnything
20,a,True,16,18,16896,18944,23000,23000,False,HoldFire
20,b,True,21,18,22016,18944,23000,23000,True,AttackAnything
25,a,True,17,18,17122,18944,23000,23000,False,HoldFire
25,b,True,21,18,22016,18944,23000,23000,True,AttackAnything
30,a,True,17,18,17687,18944,23000,23000,False,HoldFire
30,b,True,21,18,22016,18944,23000,23000,False,AttackAnything
30,a,True,17,18,17687,18944,23000,23000,False,HoldFire
30,b,True,21,18,22016,18944,21800,23000,False,AttackAnything
35,a,True,17,18,17920,18944,23000,23000,False,HoldFire
35,b,True,21,18,22016,18944,21800,23000,False,AttackAnything
40,a,True,17,18,17920,18944,21800,23000,False,HoldFire
40,b,True,21,18,22016,18944,21800,23000,False,AttackAnything
45,a,True,17,18,17920,18944,21800,23000,False,HoldFire
45,b,True,20,18,21790,18944,21800,23000,False,AttackAnything
50,a,True,17,18,17920,18944,21800,23000,False,HoldFire
50,b,True,20,18,21225,18944,21800,23000,False,AttackAnything
55,a,True,17,18,17920,18944,21800,23000,False,HoldFire
55,b,True,20,18,20992,18944,21800,23000,False,AttackAnything
60,a,True,16,18,17694,18944,20600,23000,False,HoldFire
60,b,True,20,18,20992,18944,21800,23000,False,AttackAnything
65,a,True,16,18,17129,18944,20600,23000,False,HoldFire
65,b,True,19,18,20879,18944,21800,23000,False,AttackAnything
70,a,True,15,18,16564,18944,20600,23000,False,HoldFire
70,b,True,19,18,20314,18944,21800,23000,False,AttackAnything
75,a,True,15,18,15999,18944,20600,23000,False,HoldFire
75,b,True,18,18,19742,18944,21800,23000,False,AttackAnything
80,a,True,14,18,15434,18944,20600,23000,False,HoldFire
80,b,True,18,18,19177,18944,21800,23000,False,AttackAnything
85,a,True,14,18,14869,18944,19400,23000,False,HoldFire
85,b,True,17,18,18605,18944,21800,23000,False,AttackAnything
90,a,True,13,18,14304,18944,19400,23000,False,HoldFire
90,b,True,17,18,18040,18944,21800,23000,False,AttackAnything
95,a,True,12,18,13739,18944,19400,23000,False,HoldFire
95,b,True,16,18,17468,18944,21800,23000,False,AttackAnything
100,a,True,12,18,13174,18944,19400,23000,False,HoldFire
100,b,True,16,18,16903,18944,21800,23000,False,AttackAnything
105,a,True,11,18,12609,18944,18200,23000,False,HoldFire
105,b,True,15,18,16331,18944,21800,23000,False,AttackAnything
110,a,True,11,18,12044,18944,18200,23000,False,HoldFire
110,b,True,15,18,15872,18944,21800,23000,False,AttackAnything
115,a,True,10,18,11479,18944,18200,23000,False,HoldFire
115,b,True,14,18,15307,18944,21800,23000,False,AttackAnything
120,a,True,10,18,10914,18944,18200,23000,False,HoldFire
120,b,True,13,18,14735,18944,21800,23000,False,AttackAnything
125,a,True,9,18,10349,18944,17000,23000,False,HoldFire
125,b,True,13,18,14170,18944,21800,23000,False,AttackAnything
130,a,True,9,18,9784,18944,17000,23000,False,HoldFire
130,b,True,12,18,13598,18944,21800,23000,False,AttackAnything
135,a,True,8,18,9219,18944,17000,23000,False,HoldFire
135,b,True,12,18,13033,18944,21800,23000,False,AttackAnything
140,a,True,7,18,8654,18944,17000,23000,False,HoldFire
140,b,True,11,18,12461,18944,21800,23000,False,AttackAnything
145,a,True,7,18,8089,18944,15800,23000,False,HoldFire
145,b,True,11,18,11896,18944,21800,23000,False,AttackAnything
150,a,True,6,18,7524,18944,15800,23000,False,HoldFire
150,b,True,10,18,11324,18944,21800,23000,False,AttackAnything
155,a,True,6,18,6959,18944,15800,23000,False,HoldFire
155,b,True,10,18,10759,18944,21800,23000,False,AttackAnything
160,a,True,5,18,6394,18944,15800,23000,False,HoldFire
160,b,True,9,18,10187,18944,21800,23000,False,AttackAnything
165,a,True,5,18,5829,18944,14600,23000,False,HoldFire
165,b,True,8,18,9615,18944,21800,23000,False,AttackAnything
170,a,True,4,18,5264,18944,14600,23000,False,HoldFire
170,b,True,8,18,9050,18944,21800,23000,False,AttackAnything
175,a,True,4,18,4699,18944,14600,23000,False,HoldFire
175,b,True,7,18,8478,18944,21800,23000,False,AttackAnything
180,a,True,3,18,4134,18944,14600,23000,False,HoldFire
180,b,True,7,18,7913,18944,21800,23000,False,AttackAnything
185,a,True,3,18,3584,18944,14600,23000,False,HoldFire
185,b,True,6,18,7341,18944,21800,23000,False,AttackAnything
190,a,True,3,18,3584,18944,13400,23000,False,HoldFire
190,b,True,6,18,6776,18944,21800,23000,False,AttackAnything
195,a,True,3,18,3584,18944,13400,23000,False,HoldFire
195,b,True,6,18,6656,18944,21800,23000,False,AttackAnything
200,a,True,3,17,3584,18605,13400,23000,False,HoldFire
200,b,True,6,18,6656,18944,21800,23000,False,AttackAnything
205,a,True,3,17,3584,18040,13400,23000,False,HoldFire
205,b,True,6,18,6656,18944,21800,23000,False,AttackAnything
210,a,True,3,16,3584,17475,12200,23000,False,HoldFire
210,b,True,6,18,6656,18944,21800,23000,False,AttackAnything
215,a,True,3,16,3584,16910,12200,23000,False,HoldFire
215,b,True,6,18,6656,18944,21800,23000,False,AttackAnything
220,a,True,3,15,3584,16345,12200,23000,False,HoldFire
220,b,True,5,18,6317,18944,21800,23000,False,AttackAnything
225,a,True,3,15,3584,15872,12200,23000,True,HoldFire
225,b,True,5,18,5752,18944,21800,23000,False,AttackAnything
230,a,True,3,15,3584,15872,11000,23000,True,HoldFire
230,b,True,5,18,5632,18944,21800,23000,False,AttackAnything
235,a,True,3,15,3584,15872,11000,23000,True,HoldFire
235,b,True,5,18,5632,18944,21800,23000,False,AttackAnything
240,a,True,3,15,3584,15872,11000,23000,True,HoldFire
240,b,True,5,18,5632,18944,21800,23000,False,AttackAnything
245,a,True,3,15,3584,15872,11000,23000,True,HoldFire
245,b,True,5,18,5632,18944,21800,23000,False,AttackAnything
250,a,True,3,15,3584,15872,9800,23000,True,HoldFire
250,b,True,5,18,5632,18944,21800,23000,False,AttackAnything
255,a,True,3,15,3584,15872,9800,23000,True,HoldFire
255,b,True,5,18,5632,18944,21800,23000,False,AttackAnything
260,a,True,3,15,3584,15872,9800,23000,True,HoldFire
260,b,True,5,18,5632,18944,21800,23000,False,AttackAnything
265,a,True,3,15,3584,15872,9800,23000,True,HoldFire
265,b,True,5,18,5632,18944,21800,23000,False,AttackAnything
270,a,True,3,15,3584,15872,8600,23000,True,HoldFire
270,b,True,5,18,5632,18944,21800,23000,False,AttackAnything
275,a,True,3,15,3584,15872,8600,23000,True,HoldFire
275,b,True,5,18,5632,18944,21800,23000,False,AttackAnything
280,a,True,3,15,3584,15872,8600,23000,True,HoldFire
280,b,True,5,18,5632,18944,21800,23000,False,AttackAnything
285,a,True,3,15,3584,15872,8600,23000,True,HoldFire
285,b,True,5,18,5632,18944,21800,23000,False,AttackAnything
290,a,True,3,15,3584,15872,8600,23000,True,HoldFire
290,b,True,5,18,5632,18944,21800,23000,False,AttackAnything
295,a,True,3,15,3584,15872,7400,23000,True,HoldFire
295,b,True,5,18,5632,18944,21800,23000,False,AttackAnything
300,a,True,3,15,3584,15872,7400,23000,True,HoldFire
300,b,True,5,18,5632,18944,21800,23000,False,AttackAnything
305,a,True,3,15,3584,15872,7400,23000,True,HoldFire
305,b,True,5,18,5632,18944,21800,23000,False,AttackAnything
310,a,True,3,15,3584,15872,7400,23000,True,HoldFire
310,b,True,5,18,5632,18944,21800,23000,False,AttackAnything
315,a,True,3,15,3584,15872,6200,23000,True,HoldFire
315,b,True,5,18,5632,18944,21800,23000,False,AttackAnything
320,a,True,3,15,3584,15872,6200,23000,True,HoldFire
320,b,True,5,18,5632,18944,21800,23000,False,AttackAnything
325,a,True,3,15,3584,15872,6200,23000,True,HoldFire
325,b,True,5,18,5632,18944,21800,23000,False,AttackAnything
330,a,True,3,15,3584,15872,6200,23000,True,HoldFire
330,b,True,5,18,5632,18944,21800,23000,False,AttackAnything
335,a,True,3,15,3584,15872,5000,23000,True,HoldFire
335,b,True,5,18,5632,18944,21800,23000,False,AttackAnything
340,a,True,3,15,3584,15872,5000,23000,True,HoldFire
340,b,True,5,18,5632,18944,21800,23000,False,AttackAnything
345,a,True,3,15,3584,15872,5000,23000,True,HoldFire
345,b,True,5,18,5632,18944,21800,23000,False,AttackAnything
350,a,True,3,15,3584,15872,5000,23000,True,HoldFire
350,b,True,5,18,5632,18944,21800,23000,False,AttackAnything
355,a,True,3,15,3584,15872,3800,23000,True,HoldFire
355,b,True,5,18,5632,18944,21800,23000,False,AttackAnything
360,a,True,3,15,3584,15872,3800,23000,True,HoldFire
360,b,True,5,18,5632,18944,21800,23000,False,AttackAnything
365,a,True,3,15,3584,15872,3800,23000,True,HoldFire
365,b,True,5,18,5632,18944,21800,23000,False,AttackAnything
370,a,True,3,15,3584,15872,3800,23000,True,HoldFire
370,b,True,5,18,5632,18944,21800,23000,False,AttackAnything
375,a,True,3,15,3584,15872,2600,23000,True,HoldFire
375,b,True,5,18,5632,18944,21800,23000,False,AttackAnything
380,a,True,3,15,3584,15872,2600,23000,True,HoldFire
380,b,True,5,18,5632,18944,21800,23000,False,AttackAnything
385,a,True,3,15,3584,15872,2600,23000,True,HoldFire
385,b,True,5,18,5632,18944,21800,23000,False,AttackAnything
390,a,True,3,15,3584,15872,2600,23000,True,HoldFire
390,b,True,5,18,5632,18944,21800,23000,False,AttackAnything
395,a,True,3,15,3584,15872,2600,23000,True,HoldFire
395,b,True,5,18,5632,18944,21800,23000,False,AttackAnything
400,a,True,3,15,3584,15872,1400,23000,True,HoldFire
400,b,True,5,18,5632,18944,21800,23000,False,AttackAnything
405,a,True,3,15,3584,15872,1400,23000,True,HoldFire
405,b,True,5,18,5632,18944,21800,23000,False,AttackAnything
410,a,True,3,15,3584,15872,1400,23000,True,HoldFire
410,b,True,5,18,5632,18944,21800,23000,False,AttackAnything
415,a,True,3,15,3584,15872,1400,23000,True,HoldFire
415,b,True,5,18,5632,18944,21800,23000,False,AttackAnything
420,a,True,3,15,3584,15872,200,23000,True,HoldFire
420,b,True,5,18,5632,18944,21800,23000,False,AttackAnything
425,a,True,3,15,3584,15872,200,23000,True,HoldFire
425,b,True,5,18,5632,18944,21800,23000,False,AttackAnything
430,a,True,3,15,3584,15872,200,23000,True,HoldFire
430,b,True,5,18,5632,18944,21800,23000,False,AttackAnything
435,a,True,3,15,3584,15872,200,23000,True,HoldFire
435,b,True,5,18,5632,18944,21800,23000,False,AttackAnything
438,a,False,,,,,,,,
438,b,True,5,18,5632,18944,21800,23000,True,AttackAnything
